image,price,prod_name
https://m.media-amazon.com/images/I/414KKTxHxSL._AC_UY218_.jpg,819,"2022 Newest HP Laptop | 15.6"" FHD IPS Touchscreen | AMD 8-Core Ryzen 7 4700U | 20GB DDR4 RAM 256GB NVMe SSD | AMD Radeon Graphics | HDMI | WiFi AC | BT | USB-C | Webcam | Silver | Windows 10 Home"
https://m.media-amazon.com/images/I/71GKAkpFyVL._AC_UY218_.jpg,659,2022 HP Home and Business Laptop | 15.6'' FHD Display | AMD 6-Core Ryzen 5 5500U | AMD Radeon Graphics | 12GB DDR4 512GB NVMe SSD | USB-C | HDMI | WiFi AC | BT | HD Webcam | Silver | Windows 10 Home
https://m.media-amazon.com/images/I/71TR9wZsheL._AC_UY218_.jpg,579,2022 HP Laptop | 15.6'' FHD | AMD 2-Core Ryzen 3 3250U (Beat i3-1115G4) | 8GB DDR4 RAM 512GB M.2 SSD | AMD Radeon Graphics | USB-C | HDMI | WiFi | BT5.0 | HD | Webcam | Silver | Windows 10 Home
https://m.media-amazon.com/images/I/61ckP5Bs69L._AC_UY218_.jpg,829,"2022 Lenovo IdeaPad 3 15.6"" FHD Laptop AMD 6-Core Ryzen 5 5500U (Beat i5-1135G7) Radeon 7 Graphics 20GB RAM DDR4 512GB M.2 NVMe SSD HDMI WiFi AC BT5.0 Webcam USB-C Grey Windows 11 w/ RE Accessories"
https://m.media-amazon.com/images/I/51XO4FfNxjL._AC_UY218_.jpg,"1,899","Latest Lenovo ThinkPad X13 Gen 2 Laptop, 11th gen Intel i7-1165G7, 13.3"" FHD+ (1920x1200) IPS Non-Touch, Anti-Glare, 16 GB DDR4, 1TB SSD, Weighs 2.83 lbs, Win 10 Pro- Black"
https://m.media-amazon.com/images/I/61C0f5e2I7L._AC_UY218_.jpg,"1,074","2022 HP Pavilion Laptop | 15.6"" IPS FHD Touchscreen | Intel 4-Core i7-1165G7 | Iris Xe Graphics | 32GB RAM DDR4 512GB NVMe SSD | USB-C | WiFi 6 | BT | HDMI | Webcam | Backlit KB | Windows 10 Pro"
https://m.media-amazon.com/images/I/61B9oEn85wL._AC_UY218_.jpg,"1,699","2022 LG Gram Ultralight Laptop | 17"" WQXGA IPS | Intel 4-Core i7-1195G7 | 16GB LPDDR4 Dual 512GB NVMe SSD | Iris Xe Graphics | HDMI | WiFi 6 | USB-C | Backlit | FPR | Full-Day Battery | Windows 11 Pro"
https://m.media-amazon.com/images/I/61TVxXQJ+EL._AC_UY218_.jpg,"2,626","2022 Dell Inspiron 16 Plus 7610 Laptop, 16"" QHD+ 3K IPS 16:10 Display, Intel Core i7-11800H, 16GB RAM, 1TB SSD, Backlit Keyboard, Fingerprint Reader, Webcam, Thunderbolt 4, WiFi 6, Windows 11 Home"
https://m.media-amazon.com/images/I/61ikZvT3uWL._AC_UY218_.jpg,"1,599","LG Gram Ultralight Laptop | 16"" WQXGA IPS | Intel i7-1165G7 | 16GB LPDDR4 1TB NVMe SSD | Iris Xe Graphics | WiFi 6 | BT | HDMI | Thunderbolt4 | USB-C | Backlit | Full-Day Battery | Win11 Home"
https://m.media-amazon.com/images/I/41MZMffT9KL._AC_UY218_.jpg,929,"2022 Newest Dell Inspiron 3511 15.6"" FHD Touchscreen Laptop 11th Gen Intel 4-Core i7-1165G7 Iris Xe Graphics 12GB DDR4 512GB NVMe SSD HDMI Bluetooth WiFi AC Webcam Card Reader Windows 10 Home"
https://m.media-amazon.com/images/I/51QuegMNNZL._AC_UY218_.jpg,"1,599","2022 LG Gram 2-in-1 Ultralight Laptop | 16"" WQXGA IPS Touch | Intel Core i7-1165G7 | 16GB RAM 512GB NVMe SSD | Iris Xe Graphics | WiFi 6 | Backlit | FPR | Fullday Battery | Windows 10 w/Pen"
https://m.media-amazon.com/images/I/61XACeMnaUL._AC_UY218_.jpg,"1,849","2022 LG Gram Ultralight Laptop | 15.6"" FHD IPS Touchscreen | Intel 11th Gen 4-Core i7-1195G7 | 16GB DDR4 512GB+1TB NVMe SSD | Iris Xe Graphics | Backlit KB | RJ45 | Full-Day Battery | Windows 10 Pro"
https://m.media-amazon.com/images/I/611OvJR5RUL._AC_UY218_.jpg,"1,179","2022 LG Gram Ultralight Laptop | 15.6"" FHD IPS Display | Intel 11th 4-Core i5-1135G7 | 16GB LPDDR4 Dual 512GB NVMe SSD | Iris Xe Graphics | Backlit KB | RJ-45 | Full-Day Battery | Windows 11 Home"
https://m.media-amazon.com/images/I/717Ib6T2DXL._AC_UY218_.jpg,749,"2022 LG Ultra Lightweight Laptop | 13.3"" FHD IPS Display | AMD 6-Core Ryzen 5 4500U | 8GB DDR4 256GB NVMe SSD | Radeon Graphics | WiFi 6 | BT5.1 | HDMI | USB-C | Backlit Keyboard | Windows 10 Home"
https://m.media-amazon.com/images/I/41vACNqNKjL._AC_UY218_.jpg,"1,259","2022 HP Pavilion Laptop | 15.6"" IPS FHD Touchscreen | Intel 4-Core i7-1195G7 | Iris Xe Graphics | 24GB RAM DDR4 512GB NVMe SSD | USB-C | WiFi 6 | BT | HDMI | Webcam | Backlit KB | Windows 11 Pro"
https://m.media-amazon.com/images/I/71AYQegYWkL._AC_UY218_.jpg,"1,333","SGIN Laptop 15.6 Inch, 12GB DDR4 512GB SSD Windows 11 Laptops with Intel Celeron N4500, FHD 1920x1080 Display, 2.4/5.0G WiFi, 2xUSB 3.0, Up to 2.8Ghz, Bluetooth 4.2, Supports 512GB TF Card Expansion"
https://m.media-amazon.com/images/I/71QLYzlFprL._AC_UY218_.jpg,,"2022 MSI Sword Gaming Laptop | 15.6"" FHD IPS 144Hz | Intel 8-Core i7-11800H | NVIDIA GeForce RTX 3050 Ti 4GB GDDR6 | 24GB DDR4 1TB NVMe SSD | HDMI | USB-C | WiFi 6 | RJ45 | Backlit | Windows 11 Home"
https://m.media-amazon.com/images/I/61QU-KeqGCL._AC_UY218_.jpg,,"2022 LG Gram Ultralight Laptop - Full Day Battery - 15.6"" FHD IPS - Intel 11th i7-1165G7 - 16GB LPDDR4 - 512GB+1TB NVMe SSD - Iris Xe Graphics - Backlit Keyboard RJ-45 Win 11 Pro w/32GB USB"
https://m.media-amazon.com/images/I/71cFF3EZR-L._AC_UY218_.jpg,519,"2022 Newest Acer Aspire 5 15.6"" FHD Slim Laptop, AMD Ryzen 3 3350U(Up to 3.5GHz), 12GB RAM 512GB NVMe SSD, Backlit KB, Fingerprint Reader, Amazon Alexa, Win 11 S, 3in1 Accessories"
https://m.media-amazon.com/images/I/51JNO56DfEL._AC_UY218_.jpg,479,"HP 14 Laptop, AMD 3020e, 4 GB RAM, 64 GB eMMC Storage & 14 Laptop, AMD 3020e, 4 GB RAM, 64 GB eMMC Storage, 14-inch HD Display, Windows 10 Home in S Mode"
https://m.media-amazon.com/images/I/51fTch3DedL._AC_UY218_.jpg,480,"HP 14 Laptop, AMD 3020e, 4 GB RAM, 64 GB eMMC Storage & 14 Laptop, AMD 3020e, 4 GB RAM, 64 GB eMMC Storage, 14-inch HD Display, Windows 10 Home in S Mode, Long Battery Life"
https://m.media-amazon.com/images/I/51u079SVI+L._AC_UY218_.jpg,539,"HP 14 Laptop, Intel Celeron N4020 & 14 Laptop, Intel Celeron N4020, 4 GB RAM, 64 GB Storage, 14-inch HD Touchscreen, Windows 10 Home, Thin & Portable, 4K Graphics"
https://m.media-amazon.com/images/I/51JZlbjzYzL._AC_UY218_.jpg,539,"HP 14 Laptop, AMD 3020e, 4 GB RAM, 64 GB eMMC Storage & Nintendo Switch with Neon Blue and Neon Red Joy‑Con - HAC-001(-01)"
https://m.media-amazon.com/images/I/51VKvlWks+L._AC_UY218_.jpg,588,"HP 14 Laptop, AMD 3020e, 4 GB RAM, 64 GB eMMC Storage & Nintendo Switch – OLED Model w/ White Joy-Con"
https://m.media-amazon.com/images/I/511idJ0LfjL._AC_UY218_.jpg,598,"HP 14 Laptop, Intel Celeron N4020, 4 GB RAM, 64 GB Storage & Nintendo Switch with Neon Blue and Neon Red Joy‑Con - HAC-001(-01)"
https://m.media-amazon.com/images/I/617fteEclkL._AC_UY218_.jpg,,"2022 MSI GE76 Raider Gaming Laptop | 17.3"" 144 Hz FHD | 8-Core Intel i7-11800H | 16GB DDR4 1TB NVMe SSD | NVIDIA GeForce RTX3060 6GB | WiFi 6E | HDMI | Thunberbolt4 | Backlit | DTS | Windows 11 Pro"
https://m.media-amazon.com/images/I/91wZlmdQqTS._AC_UY218_.jpg,825,"2022 Dell Inspiron I5402 Laptop | 14"" FHD Display | 11th Gen Intel 4-Core i5-1135G7 | Iris Xe Graphics | 12GB DDR4 512GB NVMe SSD | WiFi 6 | BT5.1 | Type-C | Backlit Keyboard | Windows 11 Home"
https://m.media-amazon.com/images/I/81H2RqJfYKL._AC_UY218_.jpg,,"2022 Dell Inspiron 3000 Laptop | 15.6"" FHD Touchscreen | Intel 11th Gen 4-Core i7-1165G7 | 16GB DDR4 512GB NVMe SSD | Iris Xe Graphics | HDMI | Webcam | Card Reader | RJ-45 | Windows 10 Pro"
https://m.media-amazon.com/images/I/71MbQ6ZSRHL._AC_UY218_.jpg,,"2022 LG Gram 14Z90N 14"" FHD IPS Ultralight Business Laptop Intel 10th i5-1035G7 16GB DDR4 512GB NVMe SSD Iris Plus Graphics HDMI Backlit KB w/ FP Reader RJ-45 Windows 10 Pro w/ 32GB USB Drive"
https://m.media-amazon.com/images/I/81uR+Tf0ahL._AC_UY218_.jpg,329,"ASUS Chromebook C425 Clamshell Laptop, 14"" FHD 4-Way NanoEdge Touch Screen, Intel Core m3-8100Y Processor, 4GB RAM, 128GB eMMC Storage, Backlit KB, Silver, Chrome OS, C425TA-AS348FT"
https://m.media-amazon.com/images/I/81uR+Tf0ahL._AC_UY218_.jpg,299,"ASUS Chromebook C425 Clamshell Laptop, 14"" FHD 4-Way NanoEdge, Intel Core m3-8100Y Processor, 4GB RAM, 128GB eMMC Storage, Backlit KB, Silver, Chrome OS, C425TA-AS348F"
https://m.media-amazon.com/images/I/71OOsEBtCtL._AC_UY218_.jpg,229,"2022 Newest Samsung Chromebook 4 11.6” Laptop Computer for Business Student, Intel Celeron N4020(Up to 2.8GHz), 4GB RAM, 32GB eMMC, Webcam, WiFi, Bluetooth, USB Type-C WiFi, Chrome OS, Silver+JVQ MP"
https://m.media-amazon.com/images/I/41IFpwebT4L._AC_UY218_.jpg,799,"Lenovo ThinkPad T580 20L9004KUS 15.6"" Notebook - 1920 x 1080 - Core i7 i7-8650U - 16 GB RAM - 256 GB SSD - Graphite Black - Windows 10 Pro 64-bit - Intel UHD Graphics (Renewed)"
https://m.media-amazon.com/images/I/61dhEPQeiuL._AC_UY218_.jpg,,"2022 MSI GF75 Thin Gaming Laptop | 17.3"" FHD 144Hz | Intel 4-Core i5-10300H | NVIDIA GeForce GTX 1650TI 4GB GDDR6 | 32GB DDR4 1TB NVMe SSD | HDMI | USB-C | WiFi 6 | RJ45 | Backlit | Windows 10 Pro"
https://m.media-amazon.com/images/I/41DzXnFKvSL._AC_UY218_.jpg,,2022 HP ENVY Laptop | 13.3'' FHD IPS sRGB Display | Intel 4-Core i5-1135G7 Evo Platform | Iris Xe Graphics | 8GB DDR4 512GB NVMe SSD | WIFI 6 | BT | Webcam | USB-C | Backlit KB | FPR | Windows 11 Home
https://m.media-amazon.com/images/I/71EU5TTfxcL._AC_UY218_.jpg,,"2022 HP Omen Gaming Laptop | 17.3"" 144 Hz IPS FHD | 8-Core Intel i7-11800H | 32GB DDR4 2TB NVMe SSD | NVIDIA GeForce RTX 3060 6GB | DTS | Backlit | WIFI 6 | Thunderbolt4 | HDMI | RJ45 | Windows 11 Pro"
https://m.media-amazon.com/images/I/81tg4IwdnML._AC_UY218_.jpg,499,"2022 HP Business Laptop | 14"" HD AMD Athlon Silver 3050U | Radeon Graphics | 8GB RAM DDR4 256GB SSD | Webcam | WiFi | Bluetooth | RJ-45 | LAN | USB C | HDMI | Windows 11 Pro"
https://m.media-amazon.com/images/I/81lDOtJRTkL._AC_UY218_.jpg,999,"Acer Nitro 5 AN515-57-79TD Gaming Laptop | Intel Core i7-11800H | NVIDIA GeForce RTX 3050 Ti Laptop GPU | 15.6"" FHD 144Hz IPS Display | 8GB DDR4 | 512GB NVMe SSD | Killer Wi-Fi 6 | Backlit Keyboard"
https://m.media-amazon.com/images/I/81q1NE+PSTL._AC_UY218_.jpg,"1,149","Acer Nitro 5 AN517-54-74WT Gaming Laptop | Intel Core i7-11800H | NVIDIA GeForce RTX 3050 Ti Laptop GPU | 17.3"" FHD 144Hz IPS Display | 16GB DDR4 | 512B NVMe SSD | Killer Wi-Fi 6 | Backlit Keyboard"
https://m.media-amazon.com/images/I/71edE2j5zLL._AC_UY218_.jpg,359,"Acer Aspire 5 A515-56-32DK Slim Laptop | 15.6"" Full HD IPS Display | 11th Gen Intel Core i3-1115G4 Processor | 4GB DDR4 | 128GB NVMe SSD | WiFi 6 | Windows 11 Home in S Mode"
https://m.media-amazon.com/images/I/71gk1oNNWqL._AC_UY218_.jpg,"2,999","Acer Predator Triton 500 SE Gaming/Creator Laptop | 12th Gen Intel i9-12900H | GeForce RTX 3080 Ti | 16"" WQXGA 240Hz G-SYNC Display | 32GB LPDDR5 | 1TB Gen 4x4 SSD | Killer Wi-Fi 6E | PT516-52s-99EL"
https://m.media-amazon.com/images/I/51zBO27qAIL._AC_UY218_.jpg,949,"Newest Acer Aspire 5 Laptop -14"" FHD IPS - 11th Intel i5-1135G7 - Iris Xe Graphics - 36GB DDR4 - 1TB SSD - Fingerprint - WiFi 6 - Backlit Keyboard - Numpad - RJ-45 - Windows 10 Home w/ 32GB USB"
https://m.media-amazon.com/images/I/71Ol6LUuj4L._AC_UY218_.jpg,,"2022 Acer AN515 Nitro 5 Gaming Laptop 15.6"" FHD 144 Hz IPS 6-Core 10th Intel Core i7-10750H NVIDIA RTX 3060 6GB GDDR6 24GB DDR4 1TB NVMe SSD Wi-Fi 6 RGB Backlit Keyboard Windows 11 w/ 32GB USB"
https://m.media-amazon.com/images/I/71gFnjFTzPS._AC_UY218_.jpg,"2,099","Latest Lenovo ThinkPad X1 Nano Ultra-Slim Laptop, Intel i7-1160G7, 13.0"" 2K (2160 x 1350) IPS, Anti-Glare, 450 nits, 16 GB RAM, 512 GB SSD, Weigh 1.99 lbs, 3 Year Premier Warranty, Win 11 Pro - Black"
https://m.media-amazon.com/images/I/41kfth-rpqL._AC_UY218_.jpg,,"2022 HP 14-inch Diagonal HD Laptop PC, Intel Celeron N4120 Processor, Intel UHD Graphics 600, 4GB RAM, 64GB eMMC, 802.11ac, Bluetooth, HDMI, Windows 11 Home, W/ Silmarils Accessories (Indigo Blue)"
https://m.media-amazon.com/images/I/41RKF+W7miL._AC_UY218_.jpg,569,"Lenovo 15 Laptop, 11th Generation Intel Core i5-1135G7, 12 GB RAM, 256GB SSD, 15.6-inch Full HD Touch Screen Display, Windows 10, 802.11ac, Bluetooth, HDMI, Arctic Grey, W/ Silmarils Accessories"
https://m.media-amazon.com/images/I/41znXb2JKFL._AC_UY218_.jpg,139,"HP 11.6-inch HD Display Chromebook, Intel Celeron N3350, 4 GB DDR4 RAM, 32 GB eMMC, Bluetooth, Wi-Fi, Webcam, Chrome OS, Ash Gray, HP 11 Laptop, W/ MD Accessories"
https://m.media-amazon.com/images/I/51iZBe9w3+L._AC_UY218_.jpg,"1,119","2022 Dell Inspiron 3000 Laptop | 15.6"" FHD Touchscreen | 11th Gen Intel 4-Core i7-1165G7 | Iris Xe Graphics | 24GB DDR4 1TB NVMe SSD | HDMI | BT | WiFi AC | Webcam | Windows 11 Pro"
https://m.media-amazon.com/images/I/61vGJBvajBL._AC_UY218_.jpg,,"2022 DELL Inspiron 7000 2-in-1 Laptop | 14"" FHD IPS Touchscreen | 8-Core AMD Ryzen 7 4700U | AMD Radeon Graphics | 16GB RAM DDR4 512GB NVMe SSD | HDMI | USB-C | WiFi 6 | Backlit FPR | Windows 11 Pro"
https://m.media-amazon.com/images/I/61CTnaRmY6L._AC_UY218_.jpg,,"2022 Dell Inspiron 15 5000 Laptop | 15.6"" FHD Non-Touch Display | AMD 8-Core Ryzen 7 4700U | 20GB DDR4 512GB NVMe SSD | USB-C | WiFi 6 | BT | Webcam | Backlit KB | Fingerprint | Windows 10 Pro"
https://m.media-amazon.com/images/I/41MZMffT9KL._AC_UY218_.jpg,,"2022 Dell Inspiron I3511 Laptop | 15.6"" FHD Display | 4-Core Intel i5-1035G1 | 12GB DDR4 RAM 512GB M.2 NVMe SSD | Intel UHD Graphics | HDMI | Webcam | BT | WiFi AC | Card Reader | Windows 11 Pro"
https://m.media-amazon.com/images/I/71ZxFLhj6ES._AC_UY218_.jpg,,"2022 Lenovo ThinkBook 13s Gen2 Laptop | 13.3"" WQXGA IPS 300 nits | Intel 4-Core i7-1165G7 | 16GB LPDDR4 1TB NVMe SSD | Iris Xe Graphics | HDMI | Backlit KB | WiFi 6 | Thunderbolt | Windows 10 Pro"
https://m.media-amazon.com/images/I/71ZxFLhj6ES._AC_UY218_.jpg,,"2022 Lenovo ThinkBook 13s Gen2 Laptop | 13.3"" WQXGA IPS 300 nits | Intel 4-Core i7-1165G7 | 16GB LPDDR4 1TB NVMe SSD | Iris Xe Graphics | HDMI | Backlit KB | WiFi 6 | Thunderbolt | Windows 11 Pro"
https://m.media-amazon.com/images/I/71ZxFLhj6ES._AC_UY218_.jpg,,"2022 Lenovo ThinkBook 13s Gen2 Laptop | 13.3"" WQXGA IPS 300 nits | Intel 4-Core i7-1165G7 | 16GB LPDDR4 512GB NVMe SSD | Iris Xe Graphics | HDMI | Backlit KB | WiFi 6 | Thunderbolt | Windows 11 Pro"
https://m.media-amazon.com/images/I/71ZxFLhj6ES._AC_UY218_.jpg,949,"2022 Lenovo ThinkBook 13s Gen2 Laptop | 13.3"" WQXGA IPS 300 nits | Intel 4-Core i7-1165G7 | 16GB LPDDR4 512GB NVMe SSD | Iris Xe Graphics | HDMI | Backlit KB | WiFi 6 | Thunderbolt | Windows 10 Pro"
https://m.media-amazon.com/images/I/71sKmm1swNL._AC_UY218_.jpg,"2,099","2022 Sager NP8872N Gaming Laptop, 17.3 Inch QHD 165Hz 100% DCI-P3, Intel i7-12700H, RTX 3070 Ti, 32GB RAM, 1TB Gen4 NVMe SSD, TBT 4, Win 11"
https://m.media-amazon.com/images/I/71lBfSJZi1L._AC_UY218_.jpg,,"2022 Acer Nitro AN515 15.6"" 144Hz FHD IPS Gaming Laptop Intel 6-core i7-10750H 32GB RAM DDR4 2TB(1TBx2) NVMe SSD NVIDIA RTX 3060 6GB GDDR6 Killer WiFi AX RJ-45 Backlit Windows 11 w/ RE USB Drive"
https://m.media-amazon.com/images/I/51hlLNFAQ9L._AC_UY218_.jpg,555,"HP 17-cp0000 17-cp0035cl 17.3"" Touchscreen Notebook, AMD Ryzen 5500U, Windows 11 Home, 12GB RAM, 1 TB HDD, Natural Silver (50U26UAR#ABA) (Renewed)"
https://m.media-amazon.com/images/I/713a69G8aAL._AC_UY218_.jpg,"1,189","Newest Lenovo ThinkPad E15 Gen 2 Business Laptop, 15.6"" Full HD Touchscreen, Intel Core i5-1135G7 Processor, 32GB DDR4 RAM, 1TB SSD, Wi-Fi 6, Bluetooth, USB Type-C, Webcam, Windows 11 Pro, Black"
https://m.media-amazon.com/images/I/71E1bLcJAgL._AC_UY218_.jpg,"2,199","GIGABYTE AERO 5 XE4 - 16"" 4K/UHD Samsung AMOLED, Intel Core i7-12700H, NVIDIA GeForce RTX 3070 Ti Laptop GPU 8GB GDDR6, 16GB DDR4 RAM, 1TB SSD, Win11 Home Laptop (AERO 5 XE4-73US614SH)"
https://m.media-amazon.com/images/I/31QzPIr9SWL._AC_UY218_.jpg,999,"HP EliteBook x360 1030 G4 Laptop, Intel Core i7-8665U, 16GB RAM, 512GB SSD (6MJ79AV) (Renewed)"
https://m.media-amazon.com/images/I/41RQ--f6u+L._AC_UY218_.jpg,999,"HP Chromebook 11A G6 EE Laptop, AMD A4-9120C GPU, Chrome OS, 4GB RAM, 16GB eMMC SSD (6KJ19UT#ABA) (Renewed)"
https://m.media-amazon.com/images/I/718Fiu0ociL._AC_UY218_.jpg,"2,699","GIGABYTE AERO 16 XE5 - 16"" 4K/UHD+ Samsung AMOLED, Intel Core i7-12700H, NVIDIA GeForce RTX 3070 Ti Laptop GPU 8GB GDDR6, 32GB DDR5 RAM, 2TB SSD,Win11 Pro Laptop (AERO 16 XE5-73US948HP)"
https://m.media-amazon.com/images/I/41WN97wqEHL._AC_UY218_.jpg,,"2022 Lenovo IdeaPad 7i Laptop | 14"" FHD IPS Touchscreen | 4-Core Intel EVO Platform i5-1135G7 | Iris Xe Graphics | 8GB DDR4 512GB NVMe SSD | HDMI | WiFi 6 | USB-C | Backlit KB | FPR | Windows 10 Home"
https://m.media-amazon.com/images/I/61MypxZdvoL._AC_UY218_.jpg,949,"2022 Lenovo IdeaPad 3 Laptop | 15.6"" FHD IPS Touchscreen | Intel i5-1135G7 | 36GB RAM DDR4 1TB NVMe SSD | Iris Xe Graphics | HDMI | USB-C | WiFi 6 | BT | Backlit KB | FPR | Webcam | Windows 10 Home"
https://m.media-amazon.com/images/I/717Tt6+5LTL._AC_UY218_.jpg,899,"2022 Lenovo IdeaPad 3 Laptop | 17.3"" HD+ Display | Intel 10th Gen 4-Core i5-1035G1 | 20GB RAM DDR4 512GB M.2 NVMe SSD | Intel UHD Graphics | HDMI | WiFi 6 | Bluetooth | Webcam | Grey | Windows 11 Pro"
https://m.media-amazon.com/images/I/71BgHb5w-HL._AC_UY218_.jpg,689,"2022 ASUS Zenbook 14 Thin Business Laptop, 14"" FHD IPS Display, AMD 6 Cores Ryzen 5 5500U (＞i7-10510U), NVIDIA GeForce MX450, 8GB RAM 512GB SSD,Backlit Keyboard, USB-C,Webcam, Grey + 3in1 Accessories"
https://m.media-amazon.com/images/I/41cN8c93VHL._AC_UY218_.jpg,899,"MSI Bravo 15 B5DD-244 - 15"" AMD Gaming Laptop, AMD Ryzen 7 5800H, 16GB RAM, 512GB NVMe SSD, Windows 11, Aluminum Black"
https://m.media-amazon.com/images/I/31kz+WFFSDL._AC_UY218_.jpg,999,"HP ProBook 650 G2 Laptop, Intel Core i7-6600U, Windows 10 Pro, 8GB RAM, 256GB SSD (X3W42AVFG14) (Renewed)"
https://m.media-amazon.com/images/I/71TouU9vJZL._AC_UY218_.jpg,"1,039","Newest Lenovo ThinkPad E15 Gen 2 Business Laptop, 15.6"" Full HD Display, AMD Ryzen 7 4700U Processor, 16GB DDR4 RAM, 512GB PCIe SSD, Wi-Fi, HDMI, Bluetooth, Windows 10 Pro, Black"
https://m.media-amazon.com/images/I/71nPOmg2JbL._AC_UY218_.jpg,279,"Newest ECOHERO Windows 11 Laptop, Intel Celeron J4005 Dual-Core Processor Up to 2.7GHz, 6GB RAM, 120GB SSD Storage, 15.6-inch Full HD 1920x1080 Display Laptops Computers, 2.4G WiFi, BT4.0"
https://m.media-amazon.com/images/I/51J+peeXyqL._AC_UY218_.jpg,"2,699","Latest Lenovo ThinkPad X1 Carbon Gen 9 Intel Core i7-1185G7(Beat 1165G7), 14"" FHD IPS, Anti-Glare 400 nits, 32GB DDR4 RAM, 1TB NVMe SSD, Fingerprint Reader, Win 11 Pro (Downgradable to W10P) - Black"
https://m.media-amazon.com/images/I/417fS6bYg-L._AC_UY218_.jpg,759,"HP ProBook 455 G6 Notebook PC, AMD Ryzen APU Processor, 8GB RAM, 256GB SSD (6KJ62UT#ABA) (Renewed)"
https://m.media-amazon.com/images/I/711u4Y0rhWL._AC_UY218_.jpg,279,"Windows 11 Laptop, BiTECOOL 15.6 inches FHD(1920x1080) Display Pc Laptops, with Intel Celeron J4005 Dual Core, 6GB LPDDR4 and 120GB SSD, 2.4G WiFi, BT4.0 and Long Lasting Battery"
https://m.media-amazon.com/images/I/61cK+rHulrL._AC_UY218_.jpg,"1,139","Newest Lenovo ThinkPad E15 Gen 2 Business Laptop, 15.6"" Full HD Touchscreen, Intel Core i5-1135G7 Processor, 32GB DDR4 RAM, 512GB SSD, Wi-Fi 6, Bluetooth, USB Type-C, Webcam, Windows 10 Pro, Black"
https://m.media-amazon.com/images/I/412Hv2oxkGL._AC_UY218_.jpg,,"2022 Lenovo IdeaPad 5 Laptop | 15.6"" FHD Display | Intel 4-Core i5-1035G1 | 8GB DDR4 512GB NVMe SSD | Intel UHD Graphics | HDMI | USB-C | WiFi AX | BT | Webcam | Backlit | FPR | Windows 10 Pro"
https://m.media-amazon.com/images/I/51U9N3w89BL._AC_UY218_.jpg,,"2022 Lenovo Ideapad 5i Laptop | 15.6"" FHD IPS Touchscreen | Intel Quad-Core i7-1165G7 | 8GB DDR4 512GB NVMe SSD | Iris Xe Graphics | HDMI | WiFi AX | BT | USB-C | FPR | Backlit | Blue | Windows 11"
https://m.media-amazon.com/images/I/61TRL-yonIL._AC_UY218_.jpg,349,"2022 Windows 11 Laptop, 15.6 inch 1920x1080 IPS Display, Coolby 8GB DDR4 RAM / 256GB SSD Laptop Computers, Intel J4125 Quad-Core Processor Notebook PC, Support 2.4G/5G Hz WiFi, BT, Full Size Keyboard"
https://m.media-amazon.com/images/I/61w8AbunxNL._AC_UY218_.jpg,"1,499","2022 HP Elitebook 840 G8 14"" FHD IPS Business Laptop Intel i5-1135G7 4 Cores Iris Xe Graphics 24GB DDR4 1TB M.2 SSD Fingerprint Reader Backlit Keyboard WiFi 6 Windows 10 Pro - 2 Year Warranty"
https://m.media-amazon.com/images/I/718Fiu0ociL._AC_UY218_.jpg,"3,999","GIGABYTE AERO 16 YE4 - 16"" 4K/UHD+ Samsung AMOLED, Intel Core i9-12900H, NVIDIA GeForce RTX 3080 Ti Laptop GPU 16GB GDDR6, 32GB DDR4 RAM, 2TB SSD, Win11 Pro Laptop (AERO 16 YE4-A4US928HP)"
https://m.media-amazon.com/images/I/61B9oEn85wL._AC_UY218_.jpg,,"2022 LG Gram Ultralight Laptop 17"" WQXGA IPS Intel Evo 4-Core i7-1195G7 16GB LPDDR4 512GB+1TB NVMe SSD Iris Xe Graphics HDMI WiFi AX USB-C Backlit Fingerprint Full Day Battery Windows 10 Home w/RE USB"
https://m.media-amazon.com/images/I/71gRieabisL._AC_UY218_.jpg,939,"Newest Lenovo ThinkPad E15 Gen 3 Business Laptop, 15.6"" Full HD Display, AMD Ryzen 5 5500U Processor, 16GB DDR4 RAM, 256GB SSD, USB Type-C, Webcam, HDMI, Wi-Fi, Bluetooth, Windows 11 Pro, Black"
https://m.media-amazon.com/images/I/71ZxFLhj6ES._AC_UY218_.jpg,,"2021 Lenovo ThinkBook 13s Gen 2 Laptop - 13.3"" WQXGA IPS 300 nits - Intel i7-1165G7 - 16GB LPDDR4 - 1TB NVMe SSD - Iris Xe Graphics - Backlit Keyboard - WiFi6 - Win 11 Pro w/RATZK 32GB USB"
https://m.media-amazon.com/images/I/61Z+mjk3dWL._AC_UY218_.jpg,"1,009","Newest Lenovo ThinkPad E15 Gen 3 Business Laptop, 15.6"" Full HD Display, AMD Ryzen 5 5500U Processor, 24GB DDR4 RAM, 512GB SSD, USB Type-C, Webcam, HDMI, Wi-Fi, Bluetooth, Windows 10 Pro, Black"
https://m.media-amazon.com/images/I/61Vu7qCxljL._AC_UY218_.jpg,"2,499","ASUS ProArt StudioBook Pro 16 OLED Laptop, 16” 3840x2400 OLED Display, AMD Ryzen 9 5900HX, 32GB DDR4, 2TB PCIe SSD, Nvidia RTX A2000, Windows 11 Pro, W5600Q2A-XS94, Star Black"
https://m.media-amazon.com/images/I/71nJyg5e+oL._AC_UY218_.jpg,,"New Best Notebooks XPS 17 9720 Laptop 12th Gen Intel Core i7-12700H 14 cores GeForce RTX 3060 17.0"" FHD Non-Touch Display Plus Best Notebook Pen Light 8TB SSD 64GB RAM 11 PRO"
https://m.media-amazon.com/images/I/71BbxZvAdYL._AC_UY218_.jpg,309,HTOOLS Windows Laptop Computer (Windows 10 Pro)
https://m.media-amazon.com/images/I/31ib8+L5NvL._AC_UY218_.jpg,267,"ASUS 11.6"" VivoBook Laptop (L203MA-DS04) Intel N4000, 4GB RAM, 64 GB Storage and ASUS ZenDrive Slim External 8X DVD Burner Optical Disc Drive (SDRW-08U9M-U/BLK)"
https://m.media-amazon.com/images/I/71mk7PNiyzL._AC_UY218_.jpg,"1,089","Newest Lenovo ThinkPad E15 Gen 2 Business Laptop, 15.6"" Full HD Display, AMD Ryzen 7 4700U Processor, 16GB DDR4 RAM, 1TB PCIe SSD, Wi-Fi, HDMI, Bluetooth, Windows 11 Pro, Black"
https://m.media-amazon.com/images/I/71nJyg5e+oL._AC_UY218_.jpg,,"New Best Notebooks XPS 17 9720 Laptop 12th Gen Intel Core i7-12700H 14 cores GeForce RTX 3060 17.0"" FHD Non-Touch Display Plus Best Notebook Pen Light 1TB Gen 16GB RAM 11 PRO"
https://m.media-amazon.com/images/I/51UMMWq6jQL._AC_UY218_.jpg,"1,199","2022 Lenovo ThinkPad T14 Business Laptop | 14"" FHD IPS Display | AMD 6-Core Ryzen 5 Pro 4650U | Radeon Graphics | 32GB DDR4 1TB SSD | WiFi AX | RJ45 | HDMI | USB-C | Backlit | FPR | Windows 10 Pro"
https://m.media-amazon.com/images/I/61VhtlryEVL._AC_UY218_.jpg,,"2022 Lenovo IdeaPad 3 Laptop | 15.6"" FHD Touchscreen | Intel 2-Core i3-1115G4 | UHD Graphics | 12GB RAM DDR4 512GB NVMe SSD | WiFi AC | Bluetooth | Webcam | HDMI | USB-C | Sand | Windows 11 Home"
https://m.media-amazon.com/images/I/71axg0pHX1S._AC_UY218_.jpg,,"2022 Lenovo IdeaPad 3 Laptop | 15.6"" FHD Display | AMD 6-Core Ryzen 5 5500U | Radeon 7 Graphics | 12GB RAM DDR4 512GB M.2 NVMe SSD | HDMI | WiFi AC | BT5.0 | Webcam | USB C | Sand | Windows 11 Home"
https://m.media-amazon.com/images/I/51U9N3w89BL._AC_UY218_.jpg,,"2022 Lenovo IdeaPad Laptop | 15.6"" FHD IPS Touchscreen | Intel Quad-Core i5-1135G7 | Iris Xe Graphics | 8GB RAM DDR4 256GB NVMe SSD | USB-C | WiFi AX | BT | HDMI | Backlit Keyboard | Windows 10 Pro"
https://m.media-amazon.com/images/I/61JIoOTWdFL._AC_UY218_.jpg,,"2022 Acer Nitro 5 Gaming Laptop 15.6"" FHD IPS Display Intel 4-Core i5-10300H 32GB DDR4 Dual 512GB NVMe SSD NVIDIA GeForce GTX 1650 4GB WiFi AX USB-C HDMI Backlit KB Windows 11 Pro w/RE USB Drive"
https://m.media-amazon.com/images/I/71N3Cpw8kGL._AC_UY218_.jpg,299,"HP 15.6"" HD LED Display Laptop, Intel Pentium Silver N5000 Processor, 4GB DDR4 RAM, 128GB SSD, HDMI, Webcam, WI-FI, Windows 11 S, with Hugo M, Scarlet Red (Renewed)"
https://m.media-amazon.com/images/I/71QhmbRj2BL._AC_UY218_.jpg,359,"HP 15.6"" HD LED Display Laptop, Intel Pentium Silver N5000 Processor, 4GB DDR4 RAM, 192GB Storage(128GB SSD+64GB Hugo SD Card), HDMI, Webcam, WI-FI, Windows 11 S, with Hugo M, Metallic Red (Renewed)"
https://m.media-amazon.com/images/I/71N3Cpw8kGL._AC_UY218_.jpg,318,"HP 15.6in Laptop (Intel Pentium Quad-Core N5000, 4GB RAM, 128GB SSD, HDMI, WiFi, Bluetooth, HD Webcam, with Hugo M, Windows 11 S) (Renewed)"
https://m.media-amazon.com/images/I/71nJyg5e+oL._AC_UY218_.jpg,,"New Best Notebooks XPS 17 9720 Laptop 12th Gen Intel Core i7-12700H 14 cores GeForce RTX 3060 17.0"" FHD Non-Touch Display Plus Best Notebook Pen Light 4TB SSD 64GB RAM 11 PRO"
https://m.media-amazon.com/images/I/71Dx5ylcdmL._AC_UY218_.jpg,549,"2022 Newest Lenovo IdeaPad Business Laptop, 15.6"" HD Touchscreen, 11th Gen Intel Core i3-1115G4 Processor, Intel UHD Graphics, 20GB RAM, 512GB PCIe NVMe SSD, Webcam, HDMI, Bluetooth 5.0, Windows 11"
https://m.media-amazon.com/images/I/71Mg8Q5SoiL._AC_UY218_.jpg,509,"ASUS VivoBook Thin and Light Laptop (2022 Model), 15.6"" HD Display, Intel Core i3-1005G1 Processor, 20GB DDR4 RAM, 512GB SSD, USB Type-C, Webcam, Wi-Fi, HDMI, Windows 11 Home, Gray"
https://m.media-amazon.com/images/I/71nJyg5e+oL._AC_UY218_.jpg,,"New Best Notebooks XPS 17 9720 Laptop 12th Gen Intel Core i7-12700H 14 cores GeForce RTX 3060 17.0"" FHD Non-Touch Display Plus Best Notebook Pen Light 2TB Gen 4 SSD 64GB RAM 11 PRO"
https://m.media-amazon.com/images/I/71bc381yr2L._AC_UY218_.jpg,749,"2022 Lenovo IdeaPad 3 Laptop | 17.3"" HD+ Display | Intel 10th Gen 4-Core i5-1035G1 | 8GB RAM DDR4 256GB M.2 NVMe SSD | Intel UHD Graphics | HDMI | WiFi AC | Bluetooth | Webcam | Windows 10 Pro"
https://m.media-amazon.com/images/I/61RK5mNtWYL._AC_UY218_.jpg,,"2022 Lenovo IdeaPad 5i Laptop - 15.6"" FHD IPS Touchscreen - Intel i7-1165G7 4-Core - Iris Xe Graphics - 12GB DDR4 - 256GB SSD - WiFi 6 - Fingerprint Sensor - Backlit Keyboard - Windows 10 Pro"
https://m.media-amazon.com/images/I/81EdqveebRL._AC_UY218_.jpg,349,"2022 Newest HP 15.6 HD Micro-Edge Laptop for Student and Home use, Intel Celeron N4120 4-Core(up to 2.6Ghz), 4GB RAM, 256GB SSD, Ethernet, Wi-Fi, Bluetooth, Numpad, Fast Charge, HDMI, Webcam, Win11 S"
https://m.media-amazon.com/images/I/617fteEclkL._AC_UY218_.jpg,,"2022 MSI GE76 Raider 17.3"" 144 Hz FHD Gaming Laptop 8-Core Intel i7-11800H 16GB DDR4 1TB NVMe SSD NVIDIA GeForce RTX3060 6GB WIFI 6E HDMI RJ45 Thunberbolt4 Backlit DTS Audio Windows 11 Home w/32GB USB"
https://m.media-amazon.com/images/I/617iMdDRd2L._AC_UY218_.jpg,,"2022 Lenovo IdeaPad 3 Laptop | 14"" FHD Display | AMD 6-Core Ryzen 5 5500U (Beat i5-1135G7) | Radeon 7 Graphics | 36GB DDR4 1TB NVMe SSD | HDMI | WiFi AX | BT5.0 | Webcam | USB C | Windows 11 Home"
https://m.media-amazon.com/images/I/71EU5TTfxcL._AC_UY218_.jpg,,"2022 HP Omen 17.3"" 144 Hz IPS FHD Gaming Laptop 8-Core Intel i7-11800H 16GB DDR4 1TB NVMe SSD NVIDIA GeForce RTX 3060 6GB DTS Audio Backlit WiFi AX Thunderbolt4 HDMI RJ45 Windows 11 Pro w/RE 32GB USB"
https://m.media-amazon.com/images/I/41LNUF1W8WL._AC_UY218_.jpg,739,"2022 Lenovo IdeaPad 3 Laptop |14"" FHD IPS Display | Intel 4-Core i5-10210U | Intel UHD Graphics | 12GB RAM DDR4 512GB NVMe SSD | WiFi AC | Bluetooth | Webcam | HDMI | Platinum Grey | Windows 11 Pro"
https://m.media-amazon.com/images/I/51al8xpy0ML._AC_UY218_.jpg,804,"Acer Aspire 5 A515-46-R3UB | 15.6"" Full HD IPS Display | AMD Ryzen 3 3350U Quad-Core Mobile Processor | 128GB NVMe SSD & Lenovo IdeaPad 3 Laptop, 14.0"" FHD Display, AMD Ryzen 5 5500U, Abyss Blue"
https://m.media-amazon.com/images/I/5180CSU2fGL._AC_UY218_.jpg,339,"HP Stream 11 Laptop, Intel Celeron N4020, 4 GB RAM, 64 GB Storage, Thin & Portable, Includes Microsoft 365 (Diamond White) & Canon Pixma MG3620 Wireless All-in-One Color Inkjet Printer, Black"
https://m.media-amazon.com/images/I/51OQxb6iM7L._AC_UY218_.jpg,383,"HP Chromebook 11-inch Laptop -MT8183 - 4 GB RAM - 32 GB eMMC Storage - 11.6-inch HD Display,Snow White & Chromebook 11-inch Laptop -MT8183 - 4 GB RAM - 32 GB eMMC Storage - 11.6-inch HD Display"
https://m.media-amazon.com/images/I/617fteEclkL._AC_UY218_.jpg,"2,049","2021 MSI GE76 Raider 17.3"" 144 Hz FHD Gaming Laptop Intel i7-11800H 8-Core 64GB DDR4 2TB NVMe SSD NVIDIA GeForce RTX 3060 6GB 4-Zone RGB Backlit Keyboard DTS Audio Windows 10 Pro WiFi 6e w/32GB USB"
https://m.media-amazon.com/images/I/61AffBwux2L._AC_UY218_.jpg,769,2022 Dell Inspiron I3593 15.6” HD Laptop Computer 4-Core Intel i5-1035G1 20GB DDR4 RAM 512GB M.2 NVMe SSD Intel UHD Graphics HDMI Webcam Bluetooth Wi-Fi RJ-45 Windows 11 Pro
https://m.media-amazon.com/images/I/71MSptSmTCL._AC_UY218_.jpg,,"2022 Newest Acer Aspire 5 A515 15.6"" FHD IPS Laptop 11th Gen Intel Core i5-1135G7 8GB RAM 128GB NVMe SSD WiFi AX BT RJ45 HDMI Webcam USB-C Backlit Keyboard Fingerprint Windows 10 Home w/ RE 32GB USB"
https://m.media-amazon.com/images/I/41nPrenWIOL._AC_UY218_.jpg,999,"HP ProBook 450 G5 Laptop, Intel i7-7500U, 8GB RAM, 256GB SSD (5FC24AV) (Renewed)"
https://m.media-amazon.com/images/I/71WmFeuBLcL._AC_UY218_.jpg,229,"HP Stream 14 HD Thin and Light Laptop, Intel Celeron N4000 Processor, 4GB RAM, 128GB Storage(64GB eMMC+64GB Hugo Flash Card), HDMI, Webcam, WiFi, Bluetooth, Windows 10 S, Blue with SAM (Renewed)"
https://m.media-amazon.com/images/I/51jFr2OgDXL._AC_UY218_.jpg,,"2022 HP 17.3"" FHD IPS Laptop PC Intel 11th Gen Quad-Core i5-1135G7 32GB DDR4 RAM 1TB SSD M.2 NVMe SSD Intel Iris Xe Graphics Backlit Keyboard WiFi AC RJ45 Webcam HDMI Windows 10 Home w/32GB USB Drive"
https://m.media-amazon.com/images/I/81OEAojCZeL._AC_UY218_.jpg,,2022 HP Pavilion 13.3'' FHD IPS Touchscreen Laptop Evo Platform 4-Core Intel i5-1135G7 Iris Xe Graphics 16GB DDR4 1TB NVMe SSD WiFi AX Fingerprint Backlit USB C Thunderbolt Windows 11 Pro w/32GB USB
https://m.media-amazon.com/images/I/41CiOK14MVL._AC_UY218_.jpg,"1,399","HP EliteBook 840 G5 14"" Laptop, Intel Core i5-8350U, 8GB RAM, 256GB SSD (3RF10UT#ABA) (Renewed)"
https://m.media-amazon.com/images/I/41YkFYgjwWL._AC_UY218_.jpg,"2,149","HP EliteBook 13.3"" 830 G5 Laptop, Display Integrated Intel UHD Graphics 620, 8GB RAM, 256GB SSD (3PY98UT#ABA) (Renewed)"
https://m.media-amazon.com/images/I/414KKTxHxSL._AC_UY218_.jpg,,"2022 HP 15.6"" FHD IPS Touchscreen Laptop PC Intel 11th Gen Quad-Core i7-1165G7 12GB DDR4 RAM 512GB NVMe SSD Intel Iris Xe Graphics WiFi AC BT Webcam HDMI USB-C Silver Windows 11 Home w/RE Accessories"
https://m.media-amazon.com/images/I/41FnXp-fK7L._AC_UY218_.jpg,229,"HP 14-bs153od 14"" Laptop, Intel Celeron, Windows 10, 4GB RAM, 64GB RAM (1KU71UA#ABA) (Renewed)"
https://m.media-amazon.com/images/I/61WUFGXg4LL._AC_UY218_.jpg,549,"2022 Newest Dell Inspiron 14 5000 5406 2 in 1 Laptop 14"" HD Touchscreen 11th Gen Intel Core i3-1115G4 Processor 8GB RAM 256GB SSD Webcam HDMI Backlit Keyboard Windows 10 S Silver"
https://m.media-amazon.com/images/I/710tQ-PKxOL._AC_UY218_.jpg,,"2022 MSI GF65 Thin Gaming Laptop | 15.6"" FHD 144Hz | Intel 6-Core i5-10500H | NVIDIA GeForce RTX 3060 Max-Q 6GB GDDR6 | 16GB DDR4 512GB+1TB NVMe SSD | HDMI | WIFI AX | RJ-45 | Backlit | Windows 10 Pro"
https://m.media-amazon.com/images/I/51xpA5q3BOL._AC_UY218_.jpg,899,"2022 MSI GF63 Thin Gaming Laptop | 15.6"" FHD IPS Display | Intel Quad-Core i5-10300H | Nvidia GTX 1650 Max-Q 4GB | 12GB DDR4 256GB NVMe SSD | 4k | HDMI | WiFi AX | RJ45 | Backlit KB | Windows 10 Pro"
https://m.media-amazon.com/images/I/41er0VI8kgL._AC_UY218_.jpg,,"Lenovo Ideapad 15 Laptop, 11th Gen Intel Core i3-1115G4 Processor, 4GB RAM, 128GB SSD, 15.6-inch Full HD (1920 x 1080) Display, Windows 11, 802.11ac, Bluetooth, W/ Platinum Gray Silmarils Accessories"
https://m.media-amazon.com/images/I/71B5Bl9+hBL._AC_UY218_.jpg,779,"2022 Lenovo Ideapad 3 High Performance Business Laptop 15.6"" HD Touchscreen -Intel 10th Gen i5-10210U Quad Core - 12GB DDR4 512GB SSD - WiFi 6 - Windows 11 Pro w/ 32GB USB Drive"
https://m.media-amazon.com/images/I/71EU5TTfxcL._AC_UY218_.jpg,"1,899","2021 HP Omen 17.3"" 144 Hz IPS FHD Gaming Laptop Intel i7-11800H 8-Core 32GB DDR4 2TB NVMe SSD NVIDIA GeForce RTX 3060 6GB 4-Zone RGB Backlit Keyboard DTS Audio Windows 10 Pro WiFi 6 w/32GB USB"
https://m.media-amazon.com/images/I/61mpjfCy08L._AC_UY218_.jpg,949,"ASUS ZenBook 14 OLED Laptop 14” 2.8K OLED Display, AMD Ryzen 7 5825U CPU, Radeon Graphics, 8GB RAM, 512GB PCIe SSD, Windows 11 Home, Jade Black, UM3402YA-DS71"
https://m.media-amazon.com/images/I/81I72AzNdLL._AC_UY218_.jpg,"1,399","ASUS ZenBook 14X OLED Laptop, 14” 2.8K 16:10 Touch Display, Intel Core i7-1260P CPU, NVIDIA GeForce MX550, 16GB RAM, 512GB SSD, Windows 11 Home, Pine Grey, UX5400ZB-DB74T"
https://m.media-amazon.com/images/I/61y9xkjUt7L._AC_UY218_.jpg,"1,299","ASUS ExpertBook B1 Business Laptop, 15.6” FHD, Intel Core i7-1165G7, 512GB SSD, 16GB RAM, Military Grade Durable, AI Noise canceling, Webcam Privacy Shield, Win 10 Pro, Star Black, B1500CEA-XH74"
https://m.media-amazon.com/images/I/61y9xkjUt7L._AC_UY218_.jpg,"1,049","ASUS ExpertBook B1 Business Laptop, 15.6” FHD, Intel Core i5-1135G7, 256GB SSD, 8GB RAM, Military Grade Durable, AI Noise canceling, Webcam Privacy Shield, Win 10 Pro, Star Black, B1500CEA-XH51"
https://m.media-amazon.com/images/I/81Hik744rUL._AC_UY218_.jpg,295,"2022 HP 15.6"" HD Display Laptop, Intel Celeron N4120 Quad-Core Processor, 4GB DDR4 Memory, 128GB SSD + 128GB Card, WiFi, Bluetooth, Webcam, HDMI, RJ45, Win11 S, Natural Silver | TGCD Bundle"
https://m.media-amazon.com/images/I/61q4UpHoF5L._AC_UY218_.jpg,,"Lenovo Ideapad 15 Laptop, 11th Gen Intel Core i3-1115G4 Processor, 4GB RAM, 128GB SSD, 15.6-inch Full HD (1920 x 1080) Display, Windows 11 , 802.11ac, Bluetooth, Almond W/ Silmarils Accessories"
https://m.media-amazon.com/images/I/41DzXnFKvSL._AC_UY218_.jpg,,2022 HP Envy 13.3'' FHD IPS sRGB Laptop Intel 4-Core i5-1135G7 Evo Platform Iris Xe Graphics 8GB DDR4 1TB NVMe SSD WiFi AX BT Webcam USB-C Backlit Keyboard Fingerprint Windows 10 Home w/ RE 32GB USB
https://m.media-amazon.com/images/I/514VgPUKrvL._AC_UY218_.jpg,,"Dell Latitude 14 - 5400 Business Laptop (14inch FHD Touchscreen, Intel Core i5-8265U, 16GB Memory, 256GB PCIe M.2 NVMe SSD) Windows 10 Pro"
https://m.media-amazon.com/images/I/71zpejVsAsS._AC_UY218_.jpg,,"2022 Acer Aspire 5 15.6"" FHD IPS Laptop PC Intel 10th Gen Dual-Core i3-1005G1 Intel UHD Graphics 8GB RAM 512GB SSD WiFi AX RJ-45 BT HDMI Webcam USB-C Backlit Keyboard Windows 11 Pro w/ RE USB Drive"
https://m.media-amazon.com/images/I/412Hv2oxkGL._AC_UY218_.jpg,,"2022 Lenovo IdeaPad 5 15.6"" FHD Laptop PC Intel 4-Core i5-1035G1 8GB DDR4 256GB M.2 NVMe SSD Intel UHD Graphics HDMI USB-C WIFI AX BT Webcam Backlit Fingerprint Windows 11 Home w/RE 32GB USB 3.0 Drive"
https://m.media-amazon.com/images/I/61sDd5LS65L._AC_UY218_.jpg,289,"HP EliteBook 8770w 17.3 Inch Mobile Workstation Laptop, Intel Core i5-3320M up to 3.3GHz, 8G DDR3, 500G, DVD, WiFi, USB 3.0, DP,VGA,Windows 10 Pro 64 Bit Supports English/French/Spanish(Renewed)"
https://m.media-amazon.com/images/I/71k+STUKj3L._AC_UY218_.jpg,379,"HP ZBook 17 G2 17.3 Inch Workstation Laptop, Intel Core i5-4210M up to 3.2GHz, 16G DDR3, 512G SSD, Webcam, 2G Video Card, USB 3.0, Thunderbolt,DP,Windows 10 Pro 64 Bit English/French/Spanish(Renewed)"
https://m.media-amazon.com/images/I/61kABiugoiL._AC_UY218_.jpg,249,"HP EliteBook 8760w 17.3 Inch Mobile Workstation Laptop, Intel Core i7-2630QM up to 2.9GHz, 8G DDR3, 500G HDD, 1G Video Card, DVD, WiFi, USB 3.0,DP,VGA,Windows 10 Pro 64 English/French/Spanish(Renewed)"
https://m.media-amazon.com/images/I/61sDd5LS65L._AC_UY218_.jpg,349,"HP EliteBook 8770w 17.3 Inch Workstation Laptop, Intel Core i7-3610QM up to 3.3GHz, 16G DDR3, 512G SSD, DVD, NVIDIA Quadro Video Card, USB 3.0, DP,VGA,Windows 10 Pro 64 English/French/Spanish(Renewed)"
